Position,Lily,ThorA
1,g,n
2,t,n
3,t,n
4,a,n
5,a,n
6,t,n
7,g,n
8,t,n
9,a,n
10,g,n
11,c,n
12,t,n
13,t,n
14,a,n
15,a,n
16,t,n
17,t,n
18,a,n
19,a,n
473,a,n
474,t,n
475,a,n
476,g,n
477,c,n
478,t,n
479,a,n
480,a,n
481,g,n
482,a,n
483,c,n
484,c,n
485,c,n
486,a,n
487,a,n
488,a,n
489,c,n
490,t,n
491,g,n
492,g,n
493,g,n
494,a,n
495,t,n
496,t,n
497,a,n
498,g,n
499,a,n
500,t,n
501,a,n
502,c,n
503,c,n
504,c,n
505,c,n
506,a,n
507,c,n
508,t,n
509,a,n
510,t,n
511,g,n
512,c,n
513,t,n
834,a,n
1199,a,n
1203,a,n
1363,a,n
1364,g,n
1365,g,n
1406,g,n
1407,g,n
1408,t,n
1409,a,n
1410,g,n
1411,a,n
1412,g,n
1413,g,n
1414,t,n
1415,g,n
1416,a,n
1417,a,n
1418,a,n
1419,a,n
1420,g,n
1421,c,n
1422,c,n
1423,t,n
1424,a,n
1425,a,n
1426,c,n
1427,g,n
1428,a,n
1429,g,n
1430,c,n
1431,c,n
1432,t,n
1433,g,n
1434,g,n
1435,t,n
1436,g,n
1437,a,n
1438,t,n
1439,a,n
1440,g,n
1441,c,n
1442,t,n
1443,g,n
1444,g,n
1445,t,n
1446,t,n
1447,a,n
1448,c,n
1449,c,n
1450,c,n
1451,a,n
1452,c,n
1453,a,n
1454,g,n
1455,a,n
1456,c,n
1457,a,n
1458,g,n
1459,a,n
1460,a,n
1461,t,n
1462,t,n
1463,t,n
1464,t,n
1465,a,n
1466,g,n
1467,t,n
1468,t,n
1469,c,n
1470,a,n
1471,a,n
1472,c,n
1473,t,n
1474,t,n
1475,t,n
1476,a,n
1477,a,n
1478,a,n
1479,t,n
1480,t,n
1481,t,n
1482,a,n
1483,c,n
1484,c,n
1485,t,n
1486,a,n
1487,a,n
1488,a,n
1489,a,n
1490,a,n
1491,a,n
1492,a,n
1493,a,n
1494,t,n
1495,a,n
1496,a,n
1497,a,n
1498,a,n
1499,t,n
1500,t,n
1501,t,n
1502,t,n
1503,a,n
1504,a,n
1505,t,n
1506,g,n
1507,t,n
1508,a,n
1509,a,n
1510,a,n
1511,t,n
1512,t,n
1513,t,n
1514,a,n
1515,a,n
1516,a,n
1517,a,n
1518,t,n
1519,a,n
1520,t,n
1521,a,n
1522,g,n
1523,t,n
1524,c,n
1525,t,n
1526,a,n
1527,a,n
1528,g,n
1529,a,n
1530,a,n
1531,g,n
1532,g,n
1533,t,n
1534,a,n
1535,c,n
1536,a,n
1537,g,n
1538,c,n
1539,t,n
1540,t,n
1541,c,n
1542,t,n
1543,t,n
1544,a,n
1545,g,n
1546,a,n
1547,a,n
1548,t,n
1549,c,n
1550,a,n
1551,g,n
1552,g,n
1553,a,n
1554,t,n
1555,a,n
1556,c,n
1557,a,n
1558,a,n
1559,c,n
1560,c,n
1561,t,n
1562,t,n
1563,t,n
1582,a,g
1678,c,n
1679,t,n
1680,a,n
1681,a,n
1682,t,n
1683,t,n
1684,a,n
1685,t,n
1686,a,n
1687,c,n
1688,c,n
1689,c,n
1690,c,n
1691,c,n
1692,t,n
1693,g,n
1694,g,n
1695,g,n
1696,t,n
1697,c,n
1698,a,n
1699,t,n
1700,t,n
1701,c,n
1702,t,n
1703,a,n
1704,t,n
1705,t,n
1706,t,n
1707,a,n
1708,a,n
1709,g,n
1710,t,n
1711,a,n
1712,t,n
1713,a,n
2255,a,n
2256,c,n
2257,c,n
2258,t,n
2259,c,n
2260,g,n
2261,g,n
2262,a,n
2263,a,n
2264,t,n
2265,a,n
2266,t,n
2267,a,n
2268,a,n
2269,a,n
2270,a,n
2271,a,n
2272,a,n
2273,a,n
2274,c,n
2275,t,n
2276,c,n
2277,c,n
2278,c,n
2279,g,n
2280,a,n
2281,g,n
2282,t,n
2283,g,n
2284,a,n
2285,t,n
2286,t,n
2287,a,n
2288,a,n
2289,a,n
2290,a,n
2291,t,n
2292,t,n
2293,t,n
2294,a,n
2295,g,n
2296,a,n
2297,c,n
2298,c,n
2299,c,n
2300,a,n
2301,c,n
2302,a,n
2303,a,n
2304,g,n
2305,t,n
2306,c,n
2307,a,n
2308,a,n
2309,a,n
2310,a,n
2311,t,n
2312,a,n
2313,c,n
2314,a,n
2315,a,n
2316,c,n
2317,a,n
2318,t,n
2319,c,n
2320,a,n
2321,c,n
2322,t,n
2323,t,n
2324,a,n
2325,t,n
2326,t,n
2327,g,n
2328,a,n
2329,t,n
2330,c,n
3537,t,n
3752,t,n
3753,t,n
3754,t,n
3755,a,n
3756,a,n
3757,a,n
3758,t,n
3759,c,n
3760,c,n
3761,t,n
3762,c,n
3763,t,n
3764,t,n
3765,a,n
3766,t,n
3767,t,n
3768,t,n
3769,c,n
3770,t,n
3771,a,n
3772,g,n
3773,a,n
3774,a,n
3775,t,n
3776,a,n
3777,a,n
3778,t,n
3779,a,n
3780,g,n
3781,g,n
3782,c,n
3783,t,n
3784,t,n
3785,c,n
3786,g,n
3787,a,n
3788,a,n
3789,c,n
3790,c,n
3791,t,n
3792,a,n
3793,a,n
3810,a,n
3811,t,n
3955,g,a
4118,c,t
5042,g,n
5043,c,n
5044,t,n
5059,t,n
5060,a,n
5061,c,n
5062,a,n
5063,t,n
5064,c,n
5065,a,n
5066,a,n
5067,t,n
5068,t,n
5069,g,n
5070,a,n
5071,a,n
5072,t,n
5210,g,n
5211,a,n
5212,g,n
5213,a,n
5214,a,n
5215,g,n
5216,c,n
5217,c,n
5218,c,n
5219,c,n
5220,g,n
5221,g,n
5222,c,n
5223,g,n
5224,g,n
5225,c,n
5228,c,n
5229,t,n
5230,a,n
5231,g,n
5232,g,n
5855,c,n
5944,t,n
6019,g,n
6020,a,n
6021,g,n
6022,g,n
6023,a,n
6024,g,n
6025,g,n
6032,t,n
6033,a,n
6034,t,n
6035,c,n
6036,c,n
6049,t,n
6050,a,n
6947,t,c
7072,c,n
7073,t,n
7772,a,n
7869,c,n
7870,t,n
7871,a,n
7872,t,n
7873,t,n
7874,t,n
7875,c,n
7876,a,n
7877,a,n
7878,c,n
7879,t,n
7880,a,n
7881,a,n
7882,a,n
7883,a,n
7884,a,n
7885,t,n
7886,t,n
7887,t,n
7888,c,n
7889,a,n
7890,a,n
7891,a,n
7892,t,n
7893,c,n
7894,a,n
7895,c,n
7896,t,n
10762,a,n
11529,c,t
11761,a,n
11762,a,n
11763,c,n
11764,t,n
11765,c,n
11766,c,n
11767,a,n
11768,g,n
11769,a,n
11770,t,n
11775,g,n
11776,t,n
11801,a,n
12002,a,n
13834,a,n
13890,t,n
13891,a,n
13892,g,n
13893,c,n
13894,a,n
13895,g,n
13896,t,n
13897,t,n
13898,g,n
13899,t,n
13900,a,n
13901,t,n
13902,a,n
13903,a,n
13904,c,n
13905,c,n
13906,a,n
13907,a,n
13908,a,n
13909,t,n
13910,a,n
13911,c,n
13912,t,n
13913,a,n
13914,c,n
13915,t,n
13916,a,n
13917,a,n
13918,t,n
13919,a,n
13920,t,n
13921,a,n
13922,c,n
13923,c,n
13924,c,n
13925,c,n
13926,c,n
13927,c,n
13928,a,n
13929,a,n
13930,a,n
13931,t,n
13932,a,n
13933,a,n
13934,a,n
13935,t,n
13936,t,n
13937,a,n
13938,a,n
13939,a,n
13940,a,n
13941,a,n
13942,t,n
13943,a,n
13944,c,n
13946,a,n
14936,g,n
15625,c,t
16025,t,c
